Panel,Segment,Frame,Byte0,Byte1,Byte2,Byte3,Byte4,Byte5,Byte6,Byte7,Byte8,Byte9,Byte10,Byte11,Byte12,Byte13,Byte14,Byte15,Byte16,Byte17,Byte18,Byte19,Byte20,Byte21,Byte22,Byte23,Byte24,Byte25,Byte26,Byte27,Byte28,Byte29,Byte30,Byte31,Byte32,Byte33,Byte34,Byte35,Byte36,Byte37,Byte38,Byte39,Byte40,Byte41,Byte42,Byte43,Byte44,Byte45,Byte46,Byte47,Byte48,Byte49,Byte50,Byte51,Byte52,Byte53,Byte54,Byte55,Byte56,Byte57,Byte58,Byte59,Byte60,Byte61,Byte62,Byte63
0,0,0,0,0,12,13,0,8,13,0,13,2,0,5,13,0,13,4,0,13,0,0,3,13,0,13,7,0,13,0,1,13,0,0,2,13,0,13,10,0,13,0,0,13,0,10,13,0,0,1,13,0,12,13,0,13,1,0,13,0,7,13,0,13,4,0
0,0,1,1,0,12,13,0,8,13,0,13,2,0,5,13,0,13,4,0,13,0,0,3,13,0,13,7,0,13,0,1,13,0,0,2,13,0,13,10,0,13,0,0,13,0,10,13,0,0,1,13,0,12,13,0,13,1,0,13,0,7,13,0,13,4,0
0,0,2,2,0,12,13,0,8,13,0,13,2,0,5,13,0,13,4,0,13,0,0,3,13,0,13,7,0,13,0,1,13,0,0,2,13,0,13,10,0,13,0,0,13,0,10,13,0,0,1,13,0,12,13,0,13,1,0,13,0,7,13,0,13,4,0
0,0,3,3,0,12,13,0,8,13,0,13,2,0,5,13,0,13,4,0,13,0,0,3,13,0,13,7,0,13,0,1,13,0,0,2,13,0,13,10,0,13,0,0,13,0,10,13,0,0,1,13,0,12,13,0,13,1,0,13,0,7,13,0,13,4,0
0,0,4,4,0,12,13,0,8,13,0,13,2,0,5,13,0,13,4,0,13,0,0,3,13,0,13,7,0,13,0,1,13,0,0,2,13,0,13,10,0,13,0,0,13,0,10,13,0,0,1,13,0,12,13,0,13,1,0,13,0,7,13,0,13,4,0
0,0,5,5,0,12,13,0,8,13,0,13,2,0,5,13,0,13,4,0,13,0,0,3,13,0,13,7,0,13,0,1,13,0,0,2,13,0,13,10,0,13,0,0,13,0,10,13,0,0,1,13,0,12,13,0,13,1,0,13,0,7,13,0,13,4,0
0,0,6,6,0,12,13,0,8,13,0,13,2,0,5,13,0,13,4,0,13,0,0,3,13,0,13,7,0,13,0,1,13,0,0,2,13,0,13,10,0,13,0,0,13,0,10,13,0,0,1,13,0,12,13,0,13,1,0,13,0,7,13,0,13,4,0
0,0,7,7,0,12,13,0,8,13,0,13,2,0,5,13,0,13,4,0,13,0,0,3,13,0,13,7,0,13,0,1,13,0,0,2,13,0,13,10,0,13,0,0,13,0,10,13,0,0,1,13,0,12,13,0,13,1,0,13,0,7,13,0,13,4,0
0,0,8,8,0,12,13,0,8,13,0,13,2,0,5,13,0,13,4,0,13,0,0,3,13,0,13,7,0,13,0,1,13,0,0,2,13,0,13,10,0,13,0,0,13,0,10,13,0,0,1,13,0,12,13,0,13,1,0,13,0,7,13,0,13,4,0
0,0,9,9,0,12,13,0,8,13,0,13,2,0,5,13,0,13,4,0,13,0,0,3,13,0,13,7,0,13,0,1,13,0,0,2,13,0,13,10,0,13,0,0,13,0,10,13,0,0,1,13,0,12,13,0,13,1,0,13,0,7,13,0,13,4,0
0,0,10,10,0,12,13,0,8,13,0,13,2,0,5,13,0,13,4,0,13,0,0,3,13,0,13,7,0,13,0,1,13,0,0,2,13,0,13,10,0,13,0,0,13,0,10,13,0,0,1,13,0,12,13,0,13,1,0,13,0,7,13,0,13,4,0
0,0,11,11,0,12,13,0,8,13,0,13,2,0,5,13,0,13,4,0,13,0,0,3,13,0,13,7,0,13,0,1,13,0,0,2,13,0,13,10,0,13,0,0,13,0,10,13,0,0,1,13,0,12,13,0,13,1,0,13,0,7,13,0,13,4,0
0,0,12,12,0,12,13,0,8,13,0,13,2,0,5,13,0,13,4,0,13,0,0,3,13,0,13,7,0,13,0,1,13,0,0,2,13,0,13,10,0,13,0,0,13,0,10,13,0,0,1,13,0,12,13,0,13,1,0,13,0,7,13,0,13,4,0
0,0,13,13,0,12,13,0,8,13,0,13,2,0,5,13,0,13,4,0,13,0,0,3,13,0,13,7,0,13,0,1,13,0,0,2,13,0,13,10,0,13,0,0,13,0,10,13,0,0,1,13,0,12,13,0,13,1,0,13,0,7,13,0,13,4,0
0,0,14,14,0,12,13,0,8,13,0,13,2,0,5,13,0,13,4,0,13,0,0,3,13,0,13,7,0,13,0,1,13,0,0,2,13,0,13,10,0,13,0,0,13,0,10,13,0,0,1,13,0,12,13,0,13,1,0,13,0,7,13,0,13,4,0
0,0,15,15,0,12,13,0,8,13,0,13,2,0,5,13,0,13,4,0,13,0,0,3,13,0,13,7,0,13,0,1,13,0,0,2,13,0,13,10,0,13,0,0,13,0,10,13,0,0,1,13,0,12,13,0,13,1,0,13,0,7,13,0,13,4,0
0,1,0,16,0,1,13,1,0,13,0,0,13,0,0,0,2,0,13,0,0,13,0,0,0,0,0,0,0,0,0,0,0,13,13,2,0,13,0,0,13,0,4,5,0,13,0,0,13,7,13,0,13,4,0,13,0,0,13,0,3,8,0,13,0,0,13
0,1,1,17,0,1,13,1,0,13,0,0,13,0,0,0,2,0,13,0,0,13,0,0,0,0,0,0,0,0,0,0,0,13,13,2,0,13,0,0,13,0,4,5,0,13,0,0,13,7,13,0,13,4,0,13,0,0,13,0,3,8,0,13,0,0,13
0,1,2,18,0,1,13,1,0,13,0,0,13,0,0,0,2,0,13,0,0,13,0,0,0,0,0,0,0,0,0,0,0,13,13,2,0,13,0,0,13,0,4,5,0,13,0,0,13,7,13,0,13,4,0,13,0,0,13,0,3,8,0,13,0,0,13
0,1,3,19,0,1,13,1,0,13,0,0,13,0,0,0,2,0,13,0,0,13,0,0,0,0,0,0,0,0,0,0,0,13,13,2,0,13,0,0,13,0,4,5,0,13,0,0,13,7,13,0,13,4,0,13,0,0,13,0,3,8,0,13,0,0,13
0,1,4,20,0,1,13,1,0,13,0,0,13,0,0,0,2,0,13,0,0,13,0,0,0,0,0,0,0,0,0,0,0,13,13,2,0,13,0,0,13,0,4,5,0,13,0,0,13,7,13,0,13,4,0,13,0,0,13,0,3,8,0,13,0,0,13
0,1,5,21,0,1,13,1,0,13,0,0,13,0,0,0,2,0,13,0,0,13,0,0,0,0,0,0,0,0,0,0,0,13,13,2,0,13,0,0,13,0,4,5,0,13,0,0,13,7,13,0,13,4,0,13,0,0,13,0,3,8,0,13,0,0,13
0,1,6,22,0,1,13,1,0,13,0,0,13,0,0,0,2,0,13,0,0,13,0,0,0,0,0,0,0,0,0,0,0,13,13,2,0,13,0,0,13,0,4,5,0,13,0,0,13,7,13,0,13,4,0,13,0,0,13,0,3,8,0,13,0,0,13
0,1,7,23,0,1,13,1,0,13,0,0,13,0,0,0,2,0,13,0,0,13,0,0,0,0,0,0,0,0,0,0,0,13,13,2,0,13,0,0,13,0,4,5,0,13,0,0,13,7,13,0,13,4,0,13,0,0,13,0,3,8,0,13,0,0,13
0,1,8,24,0,1,13,1,0,13,0,0,13,0,0,0,2,0,13,0,0,13,0,0,0,0,0,0,0,0,0,0,0,13,13,2,0,13,0,0,13,0,4,5,0,13,0,0,13,7,13,0,13,4,0,13,0,0,13,0,3,8,0,13,0,0,13
0,1,9,25,0,1,13,1,0,13,0,0,13,0,0,0,2,0,13,0,0,13,0,0,0,0,0,0,0,0,0,0,0,13,13,2,0,13,0,0,13,0,4,5,0,13,0,0,13,7,13,0,13,4,0,13,0,0,13,0,3,8,0,13,0,0,13
0,1,10,26,0,1,13,1,0,13,0,0,13,0,0,0,2,0,13,0,0,13,0,0,0,0,0,0,0,0,0,0,0,13,13,2,0,13,0,0,13,0,4,5,0,13,0,0,13,7,13,0,13,4,0,13,0,0,13,0,3,8,0,13,0,0,13
0,1,11,27,0,1,13,1,0,13,0,0,13,0,0,0,2,0,13,0,0,13,0,0,0,0,0,0,0,0,0,0,0,13,13,2,0,13,0,0,13,0,4,5,0,13,0,0,13,7,13,0,13,4,0,13,0,0,13,0,3,8,0,13,0,0,13
0,1,12,28,0,1,13,1,0,13,0,0,13,0,0,0,2,0,13,0,0,13,0,0,0,0,0,0,0,0,0,0,0,13,13,2,0,13,0,0,13,0,4,5,0,13,0,0,13,7,13,0,13,4,0,13,0,0,13,0,3,8,0,13,0,0,13
0,1,13,29,0,1,13,1,0,13,0,0,13,0,0,0,2,0,13,0,0,13,0,0,0,0,0,0,0,0,0,0,0,13,13,2,0,13,0,0,13,0,4,5,0,13,0,0,13,7,13,0,13,4,0,13,0,0,13,0,3,8,0,13,0,0,13
0,1,14,30,0,1,13,1,0,13,0,0,13,0,0,0,2,0,13,0,0,13,0,0,0,0,0,0,0,0,0,0,0,13,13,2,0,13,0,0,13,0,4,5,0,13,0,0,13,7,13,0,13,4,0,13,0,0,13,0,3,8,0,13,0,0,13
0,1,15,31,0,1,13,1,0,13,0,0,13,0,0,0,2,0,13,0,0,13,0,0,0,0,0,0,0,0,0,0,0,13,13,2,0,13,0,0,13,0,4,5,0,13,0,0,13,7,13,0,13,4,0,13,0,0,13,0,3,8,0,13,0,0,13
0,2,0,32,11,0,13,13,0,3,8,0,13,0,0,0,13,0,4,5,0,13,0,0,0,0,0,0,0,0,0,3,0,13,13,9,0,13,0,0,13,0,1,13,0,10,2,0,13,4,13,0,13,6,0,13,0,0,13,0,1,11,0,13,1,0,13
0,2,1,33,11,0,13,13,0,3,8,0,13,0,0,0,13,0,4,5,0,13,0,0,0,0,0,0,0,0,0,3,0,13,13,9,0,13,0,0,13,0,1,13,0,10,2,0,13,4,13,0,13,6,0,13,0,0,13,0,1,11,0,13,1,0,13
0,2,2,34,11,0,13,13,0,3,8,0,13,0,0,0,13,0,4,5,0,13,0,0,0,0,0,0,0,0,0,3,0,13,13,9,0,13,0,0,13,0,1,13,0,10,2,0,13,4,13,0,13,6,0,13,0,0,13,0,1,11,0,13,1,0,13
0,2,3,35,11,0,13,13,0,3,8,0,13,0,0,0,13,0,4,5,0,13,0,0,0,0,0,0,0,0,0,3,0,13,13,9,0,13,0,0,13,0,1,13,0,10,2,0,13,4,13,0,13,6,0,13,0,0,13,0,1,11,0,13,1,0,13
0,2,4,36,11,0,13,13,0,3,8,0,13,0,0,0,13,0,4,5,0,13,0,0,0,0,0,0,0,0,0,3,0,13,13,9,0,13,0,0,13,0,1,13,0,10,2,0,13,4,13,0,13,6,0,13,0,0,13,0,1,11,0,13,1,0,13
0,2,5,37,11,0,13,13,0,3,8,0,13,0,0,0,13,0,4,5,0,13,0,0,0,0,0,0,0,0,0,3,0,13,13,9,0,13,0,0,13,0,1,13,0,10,2,0,13,4,13,0,13,6,0,13,0,0,13,0,1,11,0,13,1,0,13
0,2,6,38,11,0,13,13,0,3,8,0,13,0,0,0,13,0,4,5,0,13,0,0,0,0,0,0,0,0,0,3,0,13,13,9,0,13,0,0,13,0,1,13,0,10,2,0,13,4,13,0,13,6,0,13,0,0,13,0,1,11,0,13,1,0,13
0,2,7,39,11,0,13,13,0,3,8,0,13,0,0,0,13,0,4,5,0,13,0,0,0,0,0,0,0,0,0,3,0,13,13,9,0,13,0,0,13,0,1,13,0,10,2,0,13,4,13,0,13,6,0,13,0,0,13,0,1,11,0,13,1,0,13
0,2,8,40,11,0,13,13,0,3,8,0,13,0,0,0,13,0,4,5,0,13,0,0,0,0,0,0,0,0,0,3,0,13,13,9,0,13,0,0,13,0,1,13,0,10,2,0,13,4,13,0,13,6,0,13,0,0,13,0,1,11,0,13,1,0,13
0,2,9,41,11,0,13,13,0,3,8,0,13,0,0,0,13,0,4,5,0,13,0,0,0,0,0,0,0,0,0,3,0,13,13,9,0,13,0,0,13,0,1,13,0,10,2,0,13,4,13,0,13,6,0,13,0,0,13,0,1,11,0,13,1,0,13
0,2,10,42,11,0,13,13,0,3,8,0,13,0,0,0,13,0,4,5,0,13,0,0,0,0,0,0,0,0,0,3,0,13,13,9,0,13,0,0,13,0,1,13,0,10,2,0,13,4,13,0,13,6,0,13,0,0,13,0,1,11,0,13,1,0,13
0,2,11,43,11,0,13,13,0,3,8,0,13,0,0,0,13,0,4,5,0,13,0,0,0,0,0,0,0,0,0,3,0,13,13,9,0,13,0,0,13,0,1,13,0,10,2,0,13,4,13,0,13,6,0,13,0,0,13,0,1,11,0,13,1,0,13
0,2,12,44,11,0,13,13,0,3,8,0,13,0,0,0,13,0,4,5,0,13,0,0,0,0,0,0,0,0,0,3,0,13,13,9,0,13,0,0,13,0,1,13,0,10,2,0,13,4,13,0,13,6,0,13,0,0,13,0,1,11,0,13,1,0,13
0,2,13,45,11,0,13,13,0,3,8,0,13,0,0,0,13,0,4,5,0,13,0,0,0,0,0,0,0,0,0,3,0,13,13,9,0,13,0,0,13,0,1,13,0,10,2,0,13,4,13,0,13,6,0,13,0,0,13,0,1,11,0,13,1,0,13
0,2,14,46,11,0,13,13,0,3,8,0,13,0,0,0,13,0,4,5,0,13,0,0,0,0,0,0,0,0,0,3,0,13,13,9,0,13,0,0,13,0,1,13,0,10,2,0,13,4,13,0,13,6,0,13,0,0,13,0,1,11,0,13,1,0,13
0,2,15,47,11,0,13,13,0,3,8,0,13,0,0,0,13,0,4,5,0,13,0,0,0,0,0,0,0,0,0,3,0,13,13,9,0,13,0,0,13,0,1,13,0,10,2,0,13,4,13,0,13,6,0,13,0,0,13,0,1,11,0,13,1,0,13
0,3,0,48,1,0,13,0,0,13,0,1,13,0,0,13,0,2,13,0,13,10,0,0,13,0,3,13,0,13,7,0,13,0,0,0,13,0,5,13,0,13,4,0,13,0,2,13,0,0,0,13,0,8,13,0,13,2,0,13,0,4,13,0,13,6,0
0,3,1,49,1,0,13,0,0,13,0,1,13,0,0,13,0,2,13,0,13,10,0,0,13,0,3,13,0,13,7,0,13,0,0,0,13,0,5,13,0,13,4,0,13,0,2,13,0,0,0,13,0,8,13,0,13,2,0,13,0,4,13,0,13,6,0
0,3,2,50,1,0,13,0,0,13,0,1,13,0,0,13,0,2,13,0,13,10,0,0,13,0,3,13,0,13,7,0,13,0,0,0,13,0,5,13,0,13,4,0,13,0,2,13,0,0,0,13,0,8,13,0,13,2,0,13,0,4,13,0,13,6,0
0,3,3,51,1,0,13,0,0,13,0,1,13,0,0,13,0,2,13,0,13,10,0,0,13,0,3,13,0,13,7,0,13,0,0,0,13,0,5,13,0,13,4,0,13,0,2,13,0,0,0,13,0,8,13,0,13,2,0,13,0,4,13,0,13,6,0
0,3,4,52,1,0,13,0,0,13,0,1,13,0,0,13,0,2,13,0,13,10,0,0,13,0,3,13,0,13,7,0,13,0,0,0,13,0,5,13,0,13,4,0,13,0,2,13,0,0,0,13,0,8,13,0,13,2,0,13,0,4,13,0,13,6,0
0,3,5,53,1,0,13,0,0,13,0,1,13,0,0,13,0,2,13,0,13,10,0,0,13,0,3,13,0,13,7,0,13,0,0,0,13,0,5,13,0,13,4,0,13,0,2,13,0,0,0,13,0,8,13,0,13,2,0,13,0,4,13,0,13,6,0
0,3,6,54,1,0,13,0,0,13,0,1,13,0,0,13,0,2,13,0,13,10,0,0,13,0,3,13,0,13,7,0,13,0,0,0,13,0,5,13,0,13,4,0,13,0,2,13,0,0,0,13,0,8,13,0,13,2,0,13,0,4,13,0,13,6,0
0,3,7,55,1,0,13,0,0,13,0,1,13,0,0,13,0,2,13,0,13,10,0,0,13,0,3,13,0,13,7,0,13,0,0,0,13,0,5,13,0,13,4,0,13,0,2,13,0,0,0,13,0,8,13,0,13,2,0,13,0,4,13,0,13,6,0
0,3,8,56,1,0,13,0,0,13,0,1,13,0,0,13,0,2,13,0,13,10,0,0,13,0,3,13,0,13,7,0,13,0,0,0,13,0,5,13,0,13,4,0,13,0,2,13,0,0,0,13,0,8,13,0,13,2,0,13,0,4,13,0,13,6,0
0,3,9,57,1,0,13,0,0,13,0,1,13,0,0,13,0,2,13,0,13,10,0,0,13,0,3,13,0,13,7,0,13,0,0,0,13,0,5,13,0,13,4,0,13,0,2,13,0,0,0,13,0,8,13,0,13,2,0,13,0,4,13,0,13,6,0
0,3,10,58,1,0,13,0,0,13,0,1,13,0,0,13,0,2,13,0,13,10,0,0,13,0,3,13,0,13,7,0,13,0,0,0,13,0,5,13,0,13,4,0,13,0,2,13,0,0,0,13,0,8,13,0,13,2,0,13,0,4,13,0,13,6,0
0,3,11,59,1,0,13,0,0,13,0,1,13,0,0,13,0,2,13,0,13,10,0,0,13,0,3,13,0,13,7,0,13,0,0,0,13,0,5,13,0,13,4,0,13,0,2,13,0,0,0,13,0,8,13,0,13,2,0,13,0,4,13,0,13,6,0
0,3,12,60,1,0,13,0,0,13,0,1,13,0,0,13,0,2,13,0,13,10,0,0,13,0,3,13,0,13,7,0,13,0,0,0,13,0,5,13,0,13,4,0,13,0,2,13,0,0,0,13,0,8,13,0,13,2,0,13,0,4,13,0,13,6,0
0,3,13,61,1,0,13,0,0,13,0,1,13,0,0,13,0,2,13,0,13,10,0,0,13,0,3,13,0,13,7,0,13,0,0,0,13,0,5,13,0,13,4,0,13,0,2,13,0,0,0,13,0,8,13,0,13,2,0,13,0,4,13,0,13,6,0
0,3,14,62,1,0,13,0,0,13,0,1,13,0,0,13,0,2,13,0,13,10,0,0,13,0,3,13,0,13,7,0,13,0,0,0,13,0,5,13,0,13,4,0,13,0,2,13,0,0,0,13,0,8,13,0,13,2,0,13,0,4,13,0,13,6,0
0,3,15,63,1,0,13,0,0,13,0,1,13,0,0,13,0,2,13,0,13,10,0,0,13,0,3,13,0,13,7,0,13,0,0,0,13,0,5,13,0,13,4,0,13,0,2,13,0,0,0,13,0,8,13,0,13,2,0,13,0,4,13,0,13,6,0
1,0,0,64,4,13,0,13,6,0,13,9,0,13,0,0,13,0,0,0,0,0,13,0,1,13,0,1,0,0,0,0,0,0,11,0,13,13,0,10,0,0,0,13,0,4,13,0,3,1,0,13,2,0,13,3,0,13,5,0,13,8,0,13,11,0,13
1,0,1,65,4,13,0,13,6,0,13,9,0,13,0,0,13,0,0,0,0,0,13,0,1,13,0,1,0,0,0,0,0,0,11,0,13,13,0,10,0,0,0,13,0,4,13,0,3,1,0,13,2,0,13,3,0,13,5,0,13,8,0,13,11,0,13
1,0,2,66,4,13,0,13,6,0,13,9,0,13,0,0,13,0,0,0,0,0,13,0,1,13,0,1,0,0,0,0,0,0,11,0,13,13,0,10,0,0,0,13,0,4,13,0,3,1,0,13,2,0,13,3,0,13,5,0,13,8,0,13,11,0,13
1,0,3,67,4,13,0,13,6,0,13,9,0,13,0,0,13,0,0,0,0,0,13,0,1,13,0,1,0,0,0,0,0,0,11,0,13,13,0,10,0,0,0,13,0,4,13,0,3,1,0,13,2,0,13,3,0,13,5,0,13,8,0,13,11,0,13
1,0,4,68,4,13,0,13,6,0,13,9,0,13,0,0,13,0,0,0,0,0,13,0,1,13,0,1,0,0,0,0,0,0,11,0,13,13,0,10,0,0,0,13,0,4,13,0,3,1,0,13,2,0,13,3,0,13,5,0,13,8,0,13,11,0,13
1,0,5,69,4,13,0,13,6,0,13,9,0,13,0,0,13,0,0,0,0,0,13,0,1,13,0,1,0,0,0,0,0,0,11,0,13,13,0,10,0,0,0,13,0,4,13,0,3,1,0,13,2,0,13,3,0,13,5,0,13,8,0,13,11,0,13
1,0,6,70,4,13,0,13,6,0,13,9,0,13,0,0,13,0,0,0,0,0,13,0,1,13,0,1,0,0,0,0,0,0,11,0,13,13,0,10,0,0,0,13,0,4,13,0,3,1,0,13,2,0,13,3,0,13,5,0,13,8,0,13,11,0,13
1,0,7,71,4,13,0,13,6,0,13,9,0,13,0,0,13,0,0,0,0,0,13,0,1,13,0,1,0,0,0,0,0,0,11,0,13,13,0,10,0,0,0,13,0,4,13,0,3,1,0,13,2,0,13,3,0,13,5,0,13,8,0,13,11,0,13
1,0,8,72,4,13,0,13,6,0,13,9,0,13,0,0,13,0,0,0,0,0,13,0,1,13,0,1,0,0,0,0,0,0,11,0,13,13,0,10,0,0,0,13,0,4,13,0,3,1,0,13,2,0,13,3,0,13,5,0,13,8,0,13,11,0,13
1,0,9,73,4,13,0,13,6,0,13,9,0,13,0,0,13,0,0,0,0,0,13,0,1,13,0,1,0,0,0,0,0,0,11,0,13,13,0,10,0,0,0,13,0,4,13,0,3,1,0,13,2,0,13,3,0,13,5,0,13,8,0,13,11,0,13
1,0,10,74,4,13,0,13,6,0,13,9,0,13,0,0,13,0,0,0,0,0,13,0,1,13,0,1,0,0,0,0,0,0,11,0,13,13,0,10,0,0,0,13,0,4,13,0,3,1,0,13,2,0,13,3,0,13,5,0,13,8,0,13,11,0,13
1,0,11,75,4,13,0,13,6,0,13,9,0,13,0,0,13,0,0,0,0,0,13,0,1,13,0,1,0,0,0,0,0,0,11,0,13,13,0,10,0,0,0,13,0,4,13,0,3,1,0,13,2,0,13,3,0,13,5,0,13,8,0,13,11,0,13
1,0,12,76,4,13,0,13,6,0,13,9,0,13,0,0,13,0,0,0,0,0,13,0,1,13,0,1,0,0,0,0,0,0,11,0,13,13,0,10,0,0,0,13,0,4,13,0,3,1,0,13,2,0,13,3,0,13,5,0,13,8,0,13,11,0,13
1,0,13,77,4,13,0,13,6,0,13,9,0,13,0,0,13,0,0,0,0,0,13,0,1,13,0,1,0,0,0,0,0,0,11,0,13,13,0,10,0,0,0,13,0,4,13,0,3,1,0,13,2,0,13,3,0,13,5,0,13,8,0,13,11,0,13
1,0,14,78,4,13,0,13,6,0,13,9,0,13,0,0,13,0,0,0,0,0,13,0,1,13,0,1,0,0,0,0,0,0,11,0,13,13,0,10,0,0,0,13,0,4,13,0,3,1,0,13,2,0,13,3,0,13,5,0,13,8,0,13,11,0,13
1,0,15,79,4,13,0,13,6,0,13,9,0,13,0,0,13,0,0,0,0,0,13,0,1,13,0,1,0,0,0,0,0,0,11,0,13,13,0,10,0,0,0,13,0,4,13,0,3,1,0,13,2,0,13,3,0,13,5,0,13,8,0,13,11,0,13
1,1,0,80,7,13,0,13,2,0,13,4,0,0,0,0,13,0,0,13,0,0,0,0,0,0,0,0,13,0,4,13,0,3,1,0,13,2,0,13,0,0,0,5,0,13,8,0,13,0,1,13,0,0,13,0,0,13,0,0,13,0,0,13,0,0,13
1,1,1,81,7,13,0,13,2,0,13,4,0,0,0,0,13,0,0,13,0,0,0,0,0,0,0,0,13,0,4,13,0,3,1,0,13,2,0,13,0,0,0,5,0,13,8,0,13,0,1,13,0,0,13,0,0,13,0,0,13,0,0,13,0,0,13
1,1,2,82,7,13,0,13,2,0,13,4,0,0,0,0,13,0,0,13,0,0,0,0,0,0,0,0,13,0,4,13,0,3,1,0,13,2,0,13,0,0,0,5,0,13,8,0,13,0,1,13,0,0,13,0,0,13,0,0,13,0,0,13,0,0,13
1,1,3,83,7,13,0,13,2,0,13,4,0,0,0,0,13,0,0,13,0,0,0,0,0,0,0,0,13,0,4,13,0,3,1,0,13,2,0,13,0,0,0,5,0,13,8,0,13,0,1,13,0,0,13,0,0,13,0,0,13,0,0,13,0,0,13
1,1,4,84,7,13,0,13,2,0,13,4,0,0,0,0,13,0,0,13,0,0,0,0,0,0,0,0,13,0,4,13,0,3,1,0,13,2,0,13,0,0,0,5,0,13,8,0,13,0,1,13,0,0,13,0,0,13,0,0,13,0,0,13,0,0,13
1,1,5,85,7,13,0,13,2,0,13,4,0,0,0,0,13,0,0,13,0,0,0,0,0,0,0,0,13,0,4,13,0,3,1,0,13,2,0,13,0,0,0,5,0,13,8,0,13,0,1,13,0,0,13,0,0,13,0,0,13,0,0,13,0,0,13
1,1,6,86,7,13,0,13,2,0,13,4,0,0,0,0,13,0,0,13,0,0,0,0,0,0,0,0,13,0,4,13,0,3,1,0,13,2,0,13,0,0,0,5,0,13,8,0,13,0,1,13,0,0,13,0,0,13,0,0,13,0,0,13,0,0,13
1,1,7,87,7,13,0,13,2,0,13,4,0,0,0,0,13,0,0,13,0,0,0,0,0,0,0,0,13,0,4,13,0,3,1,0,13,2,0,13,0,0,0,5,0,13,8,0,13,0,1,13,0,0,13,0,0,13,0,0,13,0,0,13,0,0,13
1,1,8,88,7,13,0,13,2,0,13,4,0,0,0,0,13,0,0,13,0,0,0,0,0,0,0,0,13,0,4,13,0,3,1,0,13,2,0,13,0,0,0,5,0,13,8,0,13,0,1,13,0,0,13,0,0,13,0,0,13,0,0,13,0,0,13
1,1,9,89,7,13,0,13,2,0,13,4,0,0,0,0,13,0,0,13,0,0,0,0,0,0,0,0,13,0,4,13,0,3,1,0,13,2,0,13,0,0,0,5,0,13,8,0,13,0,1,13,0,0,13,0,0,13,0,0,13,0,0,13,0,0,13
1,1,10,90,7,13,0,13,2,0,13,4,0,0,0,0,13,0,0,13,0,0,0,0,0,0,0,0,13,0,4,13,0,3,1,0,13,2,0,13,0,0,0,5,0,13,8,0,13,0,1,13,0,0,13,0,0,13,0,0,13,0,0,13,0,0,13
1,1,11,91,7,13,0,13,2,0,13,4,0,0,0,0,13,0,0,13,0,0,0,0,0,0,0,0,13,0,4,13,0,3,1,0,13,2,0,13,0,0,0,5,0,13,8,0,13,0,1,13,0,0,13,0,0,13,0,0,13,0,0,13,0,0,13
1,1,12,92,7,13,0,13,2,0,13,4,0,0,0,0,13,0,0,13,0,0,0,0,0,0,0,0,13,0,4,13,0,3,1,0,13,2,0,13,0,0,0,5,0,13,8,0,13,0,1,13,0,0,13,0,0,13,0,0,13,0,0,13,0,0,13
1,1,13,93,7,13,0,13,2,0,13,4,0,0,0,0,13,0,0,13,0,0,0,0,0,0,0,0,13,0,4,13,0,3,1,0,13,2,0,13,0,0,0,5,0,13,8,0,13,0,1,13,0,0,13,0,0,13,0,0,13,0,0,13,0,0,13
1,1,14,94,7,13,0,13,2,0,13,4,0,0,0,0,13,0,0,13,0,0,0,0,0,0,0,0,13,0,4,13,0,3,1,0,13,2,0,13,0,0,0,5,0,13,8,0,13,0,1,13,0,0,13,0,0,13,0,0,13,0,0,13,0,0,13
1,1,15,95,7,13,0,13,2,0,13,4,0,0,0,0,13,0,0,13,0,0,0,0,0,0,0,0,13,0,4,13,0,3,1,0,13,2,0,13,0,0,0,5,0,13,8,0,13,0,1,13,0,0,13,0,0,13,0,0,13,0,0,13,0,0,13
1,2,0,96,13,4,0,10,13,0,7,13,0,1,13,0,0,13,0,0,13,0,0,13,0,0,13,0,0,13,0,0,13,1,0,13,2,0,13,4,0,13,7,0,13,10,0,12,13,0,12,13,0,8,13,0,5,13,0,3,13,0,2,13,0,1,13
1,2,1,97,13,4,0,10,13,0,7,13,0,1,13,0,0,13,0,0,13,0,0,13,0,0,13,0,0,13,0,0,13,1,0,13,2,0,13,4,0,13,7,0,13,10,0,12,13,0,12,13,0,8,13,0,5,13,0,3,13,0,2,13,0,1,13
1,2,2,98,13,4,0,10,13,0,7,13,0,1,13,0,0,13,0,0,13,0,0,13,0,0,13,0,0,13,0,0,13,1,0,13,2,0,13,4,0,13,7,0,13,10,0,12,13,0,12,13,0,8,13,0,5,13,0,3,13,0,2,13,0,1,13
1,2,3,99,13,4,0,10,13,0,7,13,0,1,13,0,0,13,0,0,13,0,0,13,0,0,13,0,0,13,0,0,13,1,0,13,2,0,13,4,0,13,7,0,13,10,0,12,13,0,12,13,0,8,13,0,5,13,0,3,13,0,2,13,0,1,13
1,2,4,100,13,4,0,10,13,0,7,13,0,1,13,0,0,13,0,0,13,0,0,13,0,0,13,0,0,13,0,0,13,1,0,13,2,0,13,4,0,13,7,0,13,10,0,12,13,0,12,13,0,8,13,0,5,13,0,3,13,0,2,13,0,1,13
1,2,5,101,13,4,0,10,13,0,7,13,0,1,13,0,0,13,0,0,13,0,0,13,0,0,13,0,0,13,0,0,13,1,0,13,2,0,13,4,0,13,7,0,13,10,0,12,13,0,12,13,0,8,13,0,5,13,0,3,13,0,2,13,0,1,13
1,2,6,102,13,4,0,10,13,0,7,13,0,1,13,0,0,13,0,0,13,0,0,13,0,0,13,0,0,13,0,0,13,1,0,13,2,0,13,4,0,13,7,0,13,10,0,12,13,0,12,13,0,8,13,0,5,13,0,3,13,0,2,13,0,1,13
1,2,7,103,13,4,0,10,13,0,7,13,0,1,13,0,0,13,0,0,13,0,0,13,0,0,13,0,0,13,0,0,13,1,0,13,2,0,13,4,0,13,7,0,13,10,0,12,13,0,12,13,0,8,13,0,5,13,0,3,13,0,2,13,0,1,13
1,2,8,104,13,4,0,10,13,0,7,13,0,1,13,0,0,13,0,0,13,0,0,13,0,0,13,0,0,13,0,0,13,1,0,13,2,0,13,4,0,13,7,0,13,10,0,12,13,0,12,13,0,8,13,0,5,13,0,3,13,0,2,13,0,1,13
1,2,9,105,13,4,0,10,13,0,7,13,0,1,13,0,0,13,0,0,13,0,0,13,0,0,13,0,0,13,0,0,13,1,0,13,2,0,13,4,0,13,7,0,13,10,0,12,13,0,12,13,0,8,13,0,5,13,0,3,13,0,2,13,0,1,13
1,2,10,106,13,4,0,10,13,0,7,13,0,1,13,0,0,13,0,0,13,0,0,13,0,0,13,0,0,13,0,0,13,1,0,13,2,0,13,4,0,13,7,0,13,10,0,12,13,0,12,13,0,8,13,0,5,13,0,3,13,0,2,13,0,1,13
1,2,11,107,13,4,0,10,13,0,7,13,0,1,13,0,0,13,0,0,13,0,0,13,0,0,13,0,0,13,0,0,13,1,0,13,2,0,13,4,0,13,7,0,13,10,0,12,13,0,12,13,0,8,13,0,5,13,0,3,13,0,2,13,0,1,13
1,2,12,108,13,4,0,10,13,0,7,13,0,1,13,0,0,13,0,0,13,0,0,13,0,0,13,0,0,13,0,0,13,1,0,13,2,0,13,4,0,13,7,0,13,10,0,12,13,0,12,13,0,8,13,0,5,13,0,3,13,0,2,13,0,1,13
1,2,13,109,13,4,0,10,13,0,7,13,0,1,13,0,0,13,0,0,13,0,0,13,0,0,13,0,0,13,0,0,13,1,0,13,2,0,13,4,0,13,7,0,13,10,0,12,13,0,12,13,0,8,13,0,5,13,0,3,13,0,2,13,0,1,13
1,2,14,110,13,4,0,10,13,0,7,13,0,1,13,0,0,13,0,0,13,0,0,13,0,0,13,0,0,13,0,0,13,1,0,13,2,0,13,4,0,13,7,0,13,10,0,12,13,0,12,13,0,8,13,0,5,13,0,3,13,0,2,13,0,1,13
1,2,15,111,13,4,0,10,13,0,7,13,0,1,13,0,0,13,0,0,13,0,0,13,0,0,13,0,0,13,0,0,13,1,0,13,2,0,13,4,0,13,7,0,13,10,0,12,13,0,12,13,0,8,13,0,5,13,0,3,13,0,2,13,0,1,13
1,3,0,112,13,6,0,4,13,0,2,13,0,0,13,0,0,13,0,0,13,0,0,13,2,0,13,4,0,13,7,0,13,10,0,8,13,0,5,13,0,3,13,0,2,13,0,1,13,0,0,13,0,0,13,0,0,13,0,0,13,0,0,13,1,0,13
1,3,1,113,13,6,0,4,13,0,2,13,0,0,13,0,0,13,0,0,13,0,0,13,2,0,13,4,0,13,7,0,13,10,0,8,13,0,5,13,0,3,13,0,2,13,0,1,13,0,0,13,0,0,13,0,0,13,0,0,13,0,0,13,1,0,13
1,3,2,114,13,6,0,4,13,0,2,13,0,0,13,0,0,13,0,0,13,0,0,13,2,0,13,4,0,13,7,0,13,10,0,8,13,0,5,13,0,3,13,0,2,13,0,1,13,0,0,13,0,0,13,0,0,13,0,0,13,0,0,13,1,0,13
1,3,3,115,13,6,0,4,13,0,2,13,0,0,13,0,0,13,0,0,13,0,0,13,2,0,13,4,0,13,7,0,13,10,0,8,13,0,5,13,0,3,13,0,2,13,0,1,13,0,0,13,0,0,13,0,0,13,0,0,13,0,0,13,1,0,13
1,3,4,116,13,6,0,4,13,0,2,13,0,0,13,0,0,13,0,0,13,0,0,13,2,0,13,4,0,13,7,0,13,10,0,8,13,0,5,13,0,3,13,0,2,13,0,1,13,0,0,13,0,0,13,0,0,13,0,0,13,0,0,13,1,0,13
1,3,5,117,13,6,0,4,13,0,2,13,0,0,13,0,0,13,0,0,13,0,0,13,2,0,13,4,0,13,7,0,13,10,0,8,13,0,5,13,0,3,13,0,2,13,0,1,13,0,0,13,0,0,13,0,0,13,0,0,13,0,0,13,1,0,13
1,3,6,118,13,6,0,4,13,0,2,13,0,0,13,0,0,13,0,0,13,0,0,13,2,0,13,4,0,13,7,0,13,10,0,8,13,0,5,13,0,3,13,0,2,13,0,1,13,0,0,13,0,0,13,0,0,13,0,0,13,0,0,13,1,0,13
1,3,7,119,13,6,0,4,13,0,2,13,0,0,13,0,0,13,0,0,13,0,0,13,2,0,13,4,0,13,7,0,13,10,0,8,13,0,5,13,0,3,13,0,2,13,0,1,13,0,0,13,0,0,13,0,0,13,0,0,13,0,0,13,1,0,13
1,3,8,120,13,6,0,4,13,0,2,13,0,0,13,0,0,13,0,0,13,0,0,13,2,0,13,4,0,13,7,0,13,10,0,8,13,0,5,13,0,3,13,0,2,13,0,1,13,0,0,13,0,0,13,0,0,13,0,0,13,0,0,13,1,0,13
1,3,9,121,13,6,0,4,13,0,2,13,0,0,13,0,0,13,0,0,13,0,0,13,2,0,13,4,0,13,7,0,13,10,0,8,13,0,5,13,0,3,13,0,2,13,0,1,13,0,0,13,0,0,13,0,0,13,0,0,13,0,0,13,1,0,13
1,3,10,122,13,6,0,4,13,0,2,13,0,0,13,0,0,13,0,0,13,0,0,13,2,0,13,4,0,13,7,0,13,10,0,8,13,0,5,13,0,3,13,0,2,13,0,1,13,0,0,13,0,0,13,0,0,13,0,0,13,0,0,13,1,0,13
1,3,11,123,13,6,0,4,13,0,2,13,0,0,13,0,0,13,0,0,13,0,0,13,2,0,13,4,0,13,7,0,13,10,0,8,13,0,5,13,0,3,13,0,2,13,0,1,13,0,0,13,0,0,13,0,0,13,0,0,13,0,0,13,1,0,13
1,3,12,124,13,6,0,4,13,0,2,13,0,0,13,0,0,13,0,0,13,0,0,13,2,0,13,4,0,13,7,0,13,10,0,8,13,0,5,13,0,3,13,0,2,13,0,1,13,0,0,13,0,0,13,0,0,13,0,0,13,0,0,13,1,0,13
1,3,13,125,13,6,0,4,13,0,2,13,0,0,13,0,0,13,0,0,13,0,0,13,2,0,13,4,0,13,7,0,13,10,0,8,13,0,5,13,0,3,13,0,2,13,0,1,13,0,0,13,0,0,13,0,0,13,0,0,13,0,0,13,1,0,13
1,3,14,126,13,6,0,4,13,0,2,13,0,0,13,0,0,13,0,0,13,0,0,13,2,0,13,4,0,13,7,0,13,10,0,8,13,0,5,13,0,3,13,0,2,13,0,1,13,0,0,13,0,0,13,0,0,13,0,0,13,0,0,13,1,0,13
1,3,15,127,13,6,0,4,13,0,2,13,0,0,13,0,0,13,0,0,13,0,0,13,2,0,13,4,0,13,7,0,13,10,0,8,13,0,5,13,0,3,13,0,2,13,0,1,13,0,0,13,0,0,13,0,0,13,0,0,13,0,0,13,1,0,13
2,0,0,128,13,4,0,7,13,0,10,13,0,0,13,0,0,13,0,1,13,0,0,13,1,0,13,0,0,13,0,0,13,0,0,12,13,0,13,10,0,13,7,0,13,4,0,13,2,0,1,13,0,2,13,0,3,13,0,5,13,0,8,13,0,12,13
2,0,1,129,13,4,0,7,13,0,10,13,0,0,13,0,0,13,0,1,13,0,0,13,1,0,13,0,0,13,0,0,13,0,0,12,13,0,13,10,0,13,7,0,13,4,0,13,2,0,1,13,0,2,13,0,3,13,0,5,13,0,8,13,0,12,13
2,0,2,130,13,4,0,7,13,0,10,13,0,0,13,0,0,13,0,1,13,0,0,13,1,0,13,0,0,13,0,0,13,0,0,12,13,0,13,10,0,13,7,0,13,4,0,13,2,0,1,13,0,2,13,0,3,13,0,5,13,0,8,13,0,12,13
2,0,3,131,13,4,0,7,13,0,10,13,0,0,13,0,0,13,0,1,13,0,0,13,1,0,13,0,0,13,0,0,13,0,0,12,13,0,13,10,0,13,7,0,13,4,0,13,2,0,1,13,0,2,13,0,3,13,0,5,13,0,8,13,0,12,13
2,0,4,132,13,4,0,7,13,0,10,13,0,0,13,0,0,13,0,1,13,0,0,13,1,0,13,0,0,13,0,0,13,0,0,12,13,0,13,10,0,13,7,0,13,4,0,13,2,0,1,13,0,2,13,0,3,13,0,5,13,0,8,13,0,12,13
2,0,5,133,13,4,0,7,13,0,10,13,0,0,13,0,0,13,0,1,13,0,0,13,1,0,13,0,0,13,0,0,13,0,0,12,13,0,13,10,0,13,7,0,13,4,0,13,2,0,1,13,0,2,13,0,3,13,0,5,13,0,8,13,0,12,13
2,0,6,134,13,4,0,7,13,0,10,13,0,0,13,0,0,13,0,1,13,0,0,13,1,0,13,0,0,13,0,0,13,0,0,12,13,0,13,10,0,13,7,0,13,4,0,13,2,0,1,13,0,2,13,0,3,13,0,5,13,0,8,13,0,12,13
2,0,7,135,13,4,0,7,13,0,10,13,0,0,13,0,0,13,0,1,13,0,0,13,1,0,13,0,0,13,0,0,13,0,0,12,13,0,13,10,0,13,7,0,13,4,0,13,2,0,1,13,0,2,13,0,3,13,0,5,13,0,8,13,0,12,13
2,0,8,136,13,4,0,7,13,0,10,13,0,0,13,0,0,13,0,1,13,0,0,13,1,0,13,0,0,13,0,0,13,0,0,12,13,0,13,10,0,13,7,0,13,4,0,13,2,0,1,13,0,2,13,0,3,13,0,5,13,0,8,13,0,12,13
2,0,9,137,13,4,0,7,13,0,10,13,0,0,13,0,0,13,0,1,13,0,0,13,1,0,13,0,0,13,0,0,13,0,0,12,13,0,13,10,0,13,7,0,13,4,0,13,2,0,1,13,0,2,13,0,3,13,0,5,13,0,8,13,0,12,13
2,0,10,138,13,4,0,7,13,0,10,13,0,0,13,0,0,13,0,1,13,0,0,13,1,0,13,0,0,13,0,0,13,0,0,12,13,0,13,10,0,13,7,0,13,4,0,13,2,0,1,13,0,2,13,0,3,13,0,5,13,0,8,13,0,12,13
2,0,11,139,13,4,0,7,13,0,10,13,0,0,13,0,0,13,0,1,13,0,0,13,1,0,13,0,0,13,0,0,13,0,0,12,13,0,13,10,0,13,7,0,13,4,0,13,2,0,1,13,0,2,13,0,3,13,0,5,13,0,8,13,0,12,13
2,0,12,140,13,4,0,7,13,0,10,13,0,0,13,0,0,13,0,1,13,0,0,13,1,0,13,0,0,13,0,0,13,0,0,12,13,0,13,10,0,13,7,0,13,4,0,13,2,0,1,13,0,2,13,0,3,13,0,5,13,0,8,13,0,12,13
2,0,13,141,13,4,0,7,13,0,10,13,0,0,13,0,0,13,0,1,13,0,0,13,1,0,13,0,0,13,0,0,13,0,0,12,13,0,13,10,0,13,7,0,13,4,0,13,2,0,1,13,0,2,13,0,3,13,0,5,13,0,8,13,0,12,13
2,0,14,142,13,4,0,7,13,0,10,13,0,0,13,0,0,13,0,1,13,0,0,13,1,0,13,0,0,13,0,0,13,0,0,12,13,0,13,10,0,13,7,0,13,4,0,13,2,0,1,13,0,2,13,0,3,13,0,5,13,0,8,13,0,12,13
2,0,15,143,13,4,0,7,13,0,10,13,0,0,13,0,0,13,0,1,13,0,0,13,1,0,13,0,0,13,0,0,13,0,0,12,13,0,13,10,0,13,7,0,13,4,0,13,2,0,1,13,0,2,13,0,3,13,0,5,13,0,8,13,0,12,13
2,1,0,144,13,6,0,2,13,0,4,13,0,0,13,0,0,13,0,0,13,0,0,13,10,0,13,7,0,13,4,0,13,2,0,1,13,0,2,13,0,3,13,0,5,13,0,8,13,1,0,13,0,0,13,0,0,13,0,0,13,0,0,13,0,0,13
2,1,1,145,13,6,0,2,13,0,4,13,0,0,13,0,0,13,0,0,13,0,0,13,10,0,13,7,0,13,4,0,13,2,0,1,13,0,2,13,0,3,13,0,5,13,0,8,13,1,0,13,0,0,13,0,0,13,0,0,13,0,0,13,0,0,13
2,1,2,146,13,6,0,2,13,0,4,13,0,0,13,0,0,13,0,0,13,0,0,13,10,0,13,7,0,13,4,0,13,2,0,1,13,0,2,13,0,3,13,0,5,13,0,8,13,1,0,13,0,0,13,0,0,13,0,0,13,0,0,13,0,0,13
2,1,3,147,13,6,0,2,13,0,4,13,0,0,13,0,0,13,0,0,13,0,0,13,10,0,13,7,0,13,4,0,13,2,0,1,13,0,2,13,0,3,13,0,5,13,0,8,13,1,0,13,0,0,13,0,0,13,0,0,13,0,0,13,0,0,13
2,1,4,148,13,6,0,2,13,0,4,13,0,0,13,0,0,13,0,0,13,0,0,13,10,0,13,7,0,13,4,0,13,2,0,1,13,0,2,13,0,3,13,0,5,13,0,8,13,1,0,13,0,0,13,0,0,13,0,0,13,0,0,13,0,0,13
2,1,5,149,13,6,0,2,13,0,4,13,0,0,13,0,0,13,0,0,13,0,0,13,10,0,13,7,0,13,4,0,13,2,0,1,13,0,2,13,0,3,13,0,5,13,0,8,13,1,0,13,0,0,13,0,0,13,0,0,13,0,0,13,0,0,13
2,1,6,150,13,6,0,2,13,0,4,13,0,0,13,0,0,13,0,0,13,0,0,13,10,0,13,7,0,13,4,0,13,2,0,1,13,0,2,13,0,3,13,0,5,13,0,8,13,1,0,13,0,0,13,0,0,13,0,0,13,0,0,13,0,0,13
2,1,7,151,13,6,0,2,13,0,4,13,0,0,13,0,0,13,0,0,13,0,0,13,10,0,13,7,0,13,4,0,13,2,0,1,13,0,2,13,0,3,13,0,5,13,0,8,13,1,0,13,0,0,13,0,0,13,0,0,13,0,0,13,0,0,13
2,1,8,152,13,6,0,2,13,0,4,13,0,0,13,0,0,13,0,0,13,0,0,13,10,0,13,7,0,13,4,0,13,2,0,1,13,0,2,13,0,3,13,0,5,13,0,8,13,1,0,13,0,0,13,0,0,13,0,0,13,0,0,13,0,0,13
2,1,9,153,13,6,0,2,13,0,4,13,0,0,13,0,0,13,0,0,13,0,0,13,10,0,13,7,0,13,4,0,13,2,0,1,13,0,2,13,0,3,13,0,5,13,0,8,13,1,0,13,0,0,13,0,0,13,0,0,13,0,0,13,0,0,13
2,1,10,154,13,6,0,2,13,0,4,13,0,0,13,0,0,13,0,0,13,0,0,13,10,0,13,7,0,13,4,0,13,2,0,1,13,0,2,13,0,3,13,0,5,13,0,8,13,1,0,13,0,0,13,0,0,13,0,0,13,0,0,13,0,0,13
2,1,11,155,13,6,0,2,13,0,4,13,0,0,13,0,0,13,0,0,13,0,0,13,10,0,13,7,0,13,4,0,13,2,0,1,13,0,2,13,0,3,13,0,5,13,0,8,13,1,0,13,0,0,13,0,0,13,0,0,13,0,0,13,0,0,13
2,1,12,156,13,6,0,2,13,0,4,13,0,0,13,0,0,13,0,0,13,0,0,13,10,0,13,7,0,13,4,0,13,2,0,1,13,0,2,13,0,3,13,0,5,13,0,8,13,1,0,13,0,0,13,0,0,13,0,0,13,0,0,13,0,0,13
2,1,13,157,13,6,0,2,13,0,4,13,0,0,13,0,0,13,0,0,13,0,0,13,10,0,13,7,0,13,4,0,13,2,0,1,13,0,2,13,0,3,13,0,5,13,0,8,13,1,0,13,0,0,13,0,0,13,0,0,13,0,0,13,0,0,13
2,1,14,158,13,6,0,2,13,0,4,13,0,0,13,0,0,13,0,0,13,0,0,13,10,0,13,7,0,13,4,0,13,2,0,1,13,0,2,13,0,3,13,0,5,13,0,8,13,1,0,13,0,0,13,0,0,13,0,0,13,0,0,13,0,0,13
2,1,15,159,13,6,0,2,13,0,4,13,0,0,13,0,0,13,0,0,13,0,0,13,10,0,13,7,0,13,4,0,13,2,0,1,13,0,2,13,0,3,13,0,5,13,0,8,13,1,0,13,0,0,13,0,0,13,0,0,13,0,0,13,0,0,13
2,2,0,160,4,13,0,13,9,0,13,6,0,0,0,0,13,0,0,13,0,0,0,0,0,0,0,0,13,0,1,13,0,1,13,0,3,13,0,4,0,0,0,13,0,10,11,0,13,11,0,13,8,0,13,5,0,13,3,0,13,2,0,13,1,0,13
2,2,1,161,4,13,0,13,9,0,13,6,0,0,0,0,13,0,0,13,0,0,0,0,0,0,0,0,13,0,1,13,0,1,13,0,3,13,0,4,0,0,0,13,0,10,11,0,13,11,0,13,8,0,13,5,0,13,3,0,13,2,0,13,1,0,13
2,2,2,162,4,13,0,13,9,0,13,6,0,0,0,0,13,0,0,13,0,0,0,0,0,0,0,0,13,0,1,13,0,1,13,0,3,13,0,4,0,0,0,13,0,10,11,0,13,11,0,13,8,0,13,5,0,13,3,0,13,2,0,13,1,0,13
2,2,3,163,4,13,0,13,9,0,13,6,0,0,0,0,13,0,0,13,0,0,0,0,0,0,0,0,13,0,1,13,0,1,13,0,3,13,0,4,0,0,0,13,0,10,11,0,13,11,0,13,8,0,13,5,0,13,3,0,13,2,0,13,1,0,13
2,2,4,164,4,13,0,13,9,0,13,6,0,0,0,0,13,0,0,13,0,0,0,0,0,0,0,0,13,0,1,13,0,1,13,0,3,13,0,4,0,0,0,13,0,10,11,0,13,11,0,13,8,0,13,5,0,13,3,0,13,2,0,13,1,0,13
2,2,5,165,4,13,0,13,9,0,13,6,0,0,0,0,13,0,0,13,0,0,0,0,0,0,0,0,13,0,1,13,0,1,13,0,3,13,0,4,0,0,0,13,0,10,11,0,13,11,0,13,8,0,13,5,0,13,3,0,13,2,0,13,1,0,13
2,2,6,166,4,13,0,13,9,0,13,6,0,0,0,0,13,0,0,13,0,0,0,0,0,0,0,0,13,0,1,13,0,1,13,0,3,13,0,4,0,0,0,13,0,10,11,0,13,11,0,13,8,0,13,5,0,13,3,0,13,2,0,13,1,0,13
2,2,7,167,4,13,0,13,9,0,13,6,0,0,0,0,13,0,0,13,0,0,0,0,0,0,0,0,13,0,1,13,0,1,13,0,3,13,0,4,0,0,0,13,0,10,11,0,13,11,0,13,8,0,13,5,0,13,3,0,13,2,0,13,1,0,13
2,2,8,168,4,13,0,13,9,0,13,6,0,0,0,0,13,0,0,13,0,0,0,0,0,0,0,0,13,0,1,13,0,1,13,0,3,13,0,4,0,0,0,13,0,10,11,0,13,11,0,13,8,0,13,5,0,13,3,0,13,2,0,13,1,0,13
2,2,9,169,4,13,0,13,9,0,13,6,0,0,0,0,13,0,0,13,0,0,0,0,0,0,0,0,13,0,1,13,0,1,13,0,3,13,0,4,0,0,0,13,0,10,11,0,13,11,0,13,8,0,13,5,0,13,3,0,13,2,0,13,1,0,13
2,2,10,170,4,13,0,13,9,0,13,6,0,0,0,0,13,0,0,13,0,0,0,0,0,0,0,0,13,0,1,13,0,1,13,0,3,13,0,4,0,0,0,13,0,10,11,0,13,11,0,13,8,0,13,5,0,13,3,0,13,2,0,13,1,0,13
2,2,11,171,4,13,0,13,9,0,13,6,0,0,0,0,13,0,0,13,0,0,0,0,0,0,0,0,13,0,1,13,0,1,13,0,3,13,0,4,0,0,0,13,0,10,11,0,13,11,0,13,8,0,13,5,0,13,3,0,13,2,0,13,1,0,13
2,2,12,172,4,13,0,13,9,0,13,6,0,0,0,0,13,0,0,13,0,0,0,0,0,0,0,0,13,0,1,13,0,1,13,0,3,13,0,4,0,0,0,13,0,10,11,0,13,11,0,13,8,0,13,5,0,13,3,0,13,2,0,13,1,0,13
2,2,13,173,4,13,0,13,9,0,13,6,0,0,0,0,13,0,0,13,0,0,0,0,0,0,0,0,13,0,1,13,0,1,13,0,3,13,0,4,0,0,0,13,0,10,11,0,13,11,0,13,8,0,13,5,0,13,3,0,13,2,0,13,1,0,13
2,2,14,174,4,13,0,13,9,0,13,6,0,0,0,0,13,0,0,13,0,0,0,0,0,0,0,0,13,0,1,13,0,1,13,0,3,13,0,4,0,0,0,13,0,10,11,0,13,11,0,13,8,0,13,5,0,13,3,0,13,2,0,13,1,0,13
2,2,15,175,4,13,0,13,9,0,13,6,0,0,0,0,13,0,0,13,0,0,0,0,0,0,0,0,13,0,1,13,0,1,13,0,3,13,0,4,0,0,0,13,0,10,11,0,13,11,0,13,8,0,13,5,0,13,3,0,13,2,0,13,1,0,13
2,3,0,176,7,13,0,13,4,0,13,2,0,13,0,0,13,0,0,0,0,0,13,0,3,13,0,4,0,0,0,0,0,0,8,0,13,5,0,13,0,0,0,2,0,13,1,0,13,0,0,13,0,0,13,0,0,13,0,0,13,0,0,13,0,1,13
2,3,1,177,7,13,0,13,4,0,13,2,0,13,0,0,13,0,0,0,0,0,13,0,3,13,0,4,0,0,0,0,0,0,8,0,13,5,0,13,0,0,0,2,0,13,1,0,13,0,0,13,0,0,13,0,0,13,0,0,13,0,0,13,0,1,13
2,3,2,178,7,13,0,13,4,0,13,2,0,13,0,0,13,0,0,0,0,0,13,0,3,13,0,4,0,0,0,0,0,0,8,0,13,5,0,13,0,0,0,2,0,13,1,0,13,0,0,13,0,0,13,0,0,13,0,0,13,0,0,13,0,1,13
2,3,3,179,7,13,0,13,4,0,13,2,0,13,0,0,13,0,0,0,0,0,13,0,3,13,0,4,0,0,0,0,0,0,8,0,13,5,0,13,0,0,0,2,0,13,1,0,13,0,0,13,0,0,13,0,0,13,0,0,13,0,0,13,0,1,13
2,3,4,180,7,13,0,13,4,0,13,2,0,13,0,0,13,0,0,0,0,0,13,0,3,13,0,4,0,0,0,0,0,0,8,0,13,5,0,13,0,0,0,2,0,13,1,0,13,0,0,13,0,0,13,0,0,13,0,0,13,0,0,13,0,1,13
2,3,5,181,7,13,0,13,4,0,13,2,0,13,0,0,13,0,0,0,0,0,13,0,3,13,0,4,0,0,0,0,0,0,8,0,13,5,0,13,0,0,0,2,0,13,1,0,13,0,0,13,0,0,13,0,0,13,0,0,13,0,0,13,0,1,13
2,3,6,182,7,13,0,13,4,0,13,2,0,13,0,0,13,0,0,0,0,0,13,0,3,13,0,4,0,0,0,0,0,0,8,0,13,5,0,13,0,0,0,2,0,13,1,0,13,0,0,13,0,0,13,0,0,13,0,0,13,0,0,13,0,1,13
2,3,7,183,7,13,0,13,4,0,13,2,0,13,0,0,13,0,0,0,0,0,13,0,3,13,0,4,0,0,0,0,0,0,8,0,13,5,0,13,0,0,0,2,0,13,1,0,13,0,0,13,0,0,13,0,0,13,0,0,13,0,0,13,0,1,13
2,3,8,184,7,13,0,13,4,0,13,2,0,13,0,0,13,0,0,0,0,0,13,0,3,13,0,4,0,0,0,0,0,0,8,0,13,5,0,13,0,0,0,2,0,13,1,0,13,0,0,13,0,0,13,0,0,13,0,0,13,0,0,13,0,1,13
2,3,9,185,7,13,0,13,4,0,13,2,0,13,0,0,13,0,0,0,0,0,13,0,3,13,0,4,0,0,0,0,0,0,8,0,13,5,0,13,0,0,0,2,0,13,1,0,13,0,0,13,0,0,13,0,0,13,0,0,13,0,0,13,0,1,13
2,3,10,186,7,13,0,13,4,0,13,2,0,13,0,0,13,0,0,0,0,0,13,0,3,13,0,4,0,0,0,0,0,0,8,0,13,5,0,13,0,0,0,2,0,13,1,0,13,0,0,13,0,0,13,0,0,13,0,0,13,0,0,13,0,1,13
2,3,11,187,7,13,0,13,4,0,13,2,0,13,0,0,13,0,0,0,0,0,13,0,3,13,0,4,0,0,0,0,0,0,8,0,13,5,0,13,0,0,0,2,0,13,1,0,13,0,0,13,0,0,13,0,0,13,0,0,13,0,0,13,0,1,13
2,3,12,188,7,13,0,13,4,0,13,2,0,13,0,0,13,0,0,0,0,0,13,0,3,13,0,4,0,0,0,0,0,0,8,0,13,5,0,13,0,0,0,2,0,13,1,0,13,0,0,13,0,0,13,0,0,13,0,0,13,0,0,13,0,1,13
2,3,13,189,7,13,0,13,4,0,13,2,0,13,0,0,13,0,0,0,0,0,13,0,3,13,0,4,0,0,0,0,0,0,8,0,13,5,0,13,0,0,0,2,0,13,1,0,13,0,0,13,0,0,13,0,0,13,0,0,13,0,0,13,0,1,13
2,3,14,190,7,13,0,13,4,0,13,2,0,13,0,0,13,0,0,0,0,0,13,0,3,13,0,4,0,0,0,0,0,0,8,0,13,5,0,13,0,0,0,2,0,13,1,0,13,0,0,13,0,0,13,0,0,13,0,0,13,0,0,13,0,1,13
2,3,15,191,7,13,0,13,4,0,13,2,0,13,0,0,13,0,0,0,0,0,13,0,3,13,0,4,0,0,0,0,0,0,8,0,13,5,0,13,0,0,0,2,0,13,1,0,13,0,0,13,0,0,13,0,0,13,0,0,13,0,0,13,0,1,13
3,0,0,192,11,0,13,8,0,13,13,0,3,5,0,13,13,0,4,0,0,0,3,0,13,0,0,0,0,0,0,0,0,0,2,0,13,13,0,10,13,0,1,13,0,0,13,9,0,1,0,13,11,0,13,13,0,1,13,0,0,13,6,0,4,13,0
3,0,1,193,11,0,13,8,0,13,13,0,3,5,0,13,13,0,4,0,0,0,3,0,13,0,0,0,0,0,0,0,0,0,2,0,13,13,0,10,13,0,1,13,0,0,13,9,0,1,0,13,11,0,13,13,0,1,13,0,0,13,6,0,4,13,0
3,0,2,194,11,0,13,8,0,13,13,0,3,5,0,13,13,0,4,0,0,0,3,0,13,0,0,0,0,0,0,0,0,0,2,0,13,13,0,10,13,0,1,13,0,0,13,9,0,1,0,13,11,0,13,13,0,1,13,0,0,13,6,0,4,13,0
3,0,3,195,11,0,13,8,0,13,13,0,3,5,0,13,13,0,4,0,0,0,3,0,13,0,0,0,0,0,0,0,0,0,2,0,13,13,0,10,13,0,1,13,0,0,13,9,0,1,0,13,11,0,13,13,0,1,13,0,0,13,6,0,4,13,0
3,0,4,196,11,0,13,8,0,13,13,0,3,5,0,13,13,0,4,0,0,0,3,0,13,0,0,0,0,0,0,0,0,0,2,0,13,13,0,10,13,0,1,13,0,0,13,9,0,1,0,13,11,0,13,13,0,1,13,0,0,13,6,0,4,13,0
3,0,5,197,11,0,13,8,0,13,13,0,3,5,0,13,13,0,4,0,0,0,3,0,13,0,0,0,0,0,0,0,0,0,2,0,13,13,0,10,13,0,1,13,0,0,13,9,0,1,0,13,11,0,13,13,0,1,13,0,0,13,6,0,4,13,0
3,0,6,198,11,0,13,8,0,13,13,0,3,5,0,13,13,0,4,0,0,0,3,0,13,0,0,0,0,0,0,0,0,0,2,0,13,13,0,10,13,0,1,13,0,0,13,9,0,1,0,13,11,0,13,13,0,1,13,0,0,13,6,0,4,13,0
3,0,7,199,11,0,13,8,0,13,13,0,3,5,0,13,13,0,4,0,0,0,3,0,13,0,0,0,0,0,0,0,0,0,2,0,13,13,0,10,13,0,1,13,0,0,13,9,0,1,0,13,11,0,13,13,0,1,13,0,0,13,6,0,4,13,0
3,0,8,200,11,0,13,8,0,13,13,0,3,5,0,13,13,0,4,0,0,0,3,0,13,0,0,0,0,0,0,0,0,0,2,0,13,13,0,10,13,0,1,13,0,0,13,9,0,1,0,13,11,0,13,13,0,1,13,0,0,13,6,0,4,13,0
3,0,9,201,11,0,13,8,0,13,13,0,3,5,0,13,13,0,4,0,0,0,3,0,13,0,0,0,0,0,0,0,0,0,2,0,13,13,0,10,13,0,1,13,0,0,13,9,0,1,0,13,11,0,13,13,0,1,13,0,0,13,6,0,4,13,0
3,0,10,202,11,0,13,8,0,13,13,0,3,5,0,13,13,0,4,0,0,0,3,0,13,0,0,0,0,0,0,0,0,0,2,0,13,13,0,10,13,0,1,13,0,0,13,9,0,1,0,13,11,0,13,13,0,1,13,0,0,13,6,0,4,13,0
3,0,11,203,11,0,13,8,0,13,13,0,3,5,0,13,13,0,4,0,0,0,3,0,13,0,0,0,0,0,0,0,0,0,2,0,13,13,0,10,13,0,1,13,0,0,13,9,0,1,0,13,11,0,13,13,0,1,13,0,0,13,6,0,4,13,0
3,0,12,204,11,0,13,8,0,13,13,0,3,5,0,13,13,0,4,0,0,0,3,0,13,0,0,0,0,0,0,0,0,0,2,0,13,13,0,10,13,0,1,13,0,0,13,9,0,1,0,13,11,0,13,13,0,1,13,0,0,13,6,0,4,13,0
3,0,13,205,11,0,13,8,0,13,13,0,3,5,0,13,13,0,4,0,0,0,3,0,13,0,0,0,0,0,0,0,0,0,2,0,13,13,0,10,13,0,1,13,0,0,13,9,0,1,0,13,11,0,13,13,0,1,13,0,0,13,6,0,4,13,0
3,0,14,206,11,0,13,8,0,13,13,0,3,5,0,13,13,0,4,0,0,0,3,0,13,0,0,0,0,0,0,0,0,0,2,0,13,13,0,10,13,0,1,13,0,0,13,9,0,1,0,13,11,0,13,13,0,1,13,0,0,13,6,0,4,13,0
3,0,15,207,11,0,13,8,0,13,13,0,3,5,0,13,13,0,4,0,0,0,3,0,13,0,0,0,0,0,0,0,0,0,2,0,13,13,0,10,13,0,1,13,0,0,13,9,0,1,0,13,11,0,13,13,0,1,13,0,0,13,6,0,4,13,0
3,1,0,208,1,0,13,0,1,13,0,0,13,0,13,10,0,2,13,0,0,13,0,13,0,0,13,7,0,3,13,0,0,13,2,13,0,0,13,0,0,13,4,0,5,13,0,0,13,13,6,0,4,13,0,0,13,0,0,13,2,0,8,13,0,0,13
3,1,1,209,1,0,13,0,1,13,0,0,13,0,13,10,0,2,13,0,0,13,0,13,0,0,13,7,0,3,13,0,0,13,2,13,0,0,13,0,0,13,4,0,5,13,0,0,13,13,6,0,4,13,0,0,13,0,0,13,2,0,8,13,0,0,13
3,1,2,210,1,0,13,0,1,13,0,0,13,0,13,10,0,2,13,0,0,13,0,13,0,0,13,7,0,3,13,0,0,13,2,13,0,0,13,0,0,13,4,0,5,13,0,0,13,13,6,0,4,13,0,0,13,0,0,13,2,0,8,13,0,0,13
3,1,3,211,1,0,13,0,1,13,0,0,13,0,13,10,0,2,13,0,0,13,0,13,0,0,13,7,0,3,13,0,0,13,2,13,0,0,13,0,0,13,4,0,5,13,0,0,13,13,6,0,4,13,0,0,13,0,0,13,2,0,8,13,0,0,13
3,1,4,212,1,0,13,0,1,13,0,0,13,0,13,10,0,2,13,0,0,13,0,13,0,0,13,7,0,3,13,0,0,13,2,13,0,0,13,0,0,13,4,0,5,13,0,0,13,13,6,0,4,13,0,0,13,0,0,13,2,0,8,13,0,0,13
3,1,5,213,1,0,13,0,1,13,0,0,13,0,13,10,0,2,13,0,0,13,0,13,0,0,13,7,0,3,13,0,0,13,2,13,0,0,13,0,0,13,4,0,5,13,0,0,13,13,6,0,4,13,0,0,13,0,0,13,2,0,8,13,0,0,13
3,1,6,214,1,0,13,0,1,13,0,0,13,0,13,10,0,2,13,0,0,13,0,13,0,0,13,7,0,3,13,0,0,13,2,13,0,0,13,0,0,13,4,0,5,13,0,0,13,13,6,0,4,13,0,0,13,0,0,13,2,0,8,13,0,0,13
3,1,7,215,1,0,13,0,1,13,0,0,13,0,13,10,0,2,13,0,0,13,0,13,0,0,13,7,0,3,13,0,0,13,2,13,0,0,13,0,0,13,4,0,5,13,0,0,13,13,6,0,4,13,0,0,13,0,0,13,2,0,8,13,0,0,13
3,1,8,216,1,0,13,0,1,13,0,0,13,0,13,10,0,2,13,0,0,13,0,13,0,0,13,7,0,3,13,0,0,13,2,13,0,0,13,0,0,13,4,0,5,13,0,0,13,13,6,0,4,13,0,0,13,0,0,13,2,0,8,13,0,0,13
3,1,9,217,1,0,13,0,1,13,0,0,13,0,13,10,0,2,13,0,0,13,0,13,0,0,13,7,0,3,13,0,0,13,2,13,0,0,13,0,0,13,4,0,5,13,0,0,13,13,6,0,4,13,0,0,13,0,0,13,2,0,8,13,0,0,13
3,1,10,218,1,0,13,0,1,13,0,0,13,0,13,10,0,2,13,0,0,13,0,13,0,0,13,7,0,3,13,0,0,13,2,13,0,0,13,0,0,13,4,0,5,13,0,0,13,13,6,0,4,13,0,0,13,0,0,13,2,0,8,13,0,0,13
3,1,11,219,1,0,13,0,1,13,0,0,13,0,13,10,0,2,13,0,0,13,0,13,0,0,13,7,0,3,13,0,0,13,2,13,0,0,13,0,0,13,4,0,5,13,0,0,13,13,6,0,4,13,0,0,13,0,0,13,2,0,8,13,0,0,13
3,1,12,220,1,0,13,0,1,13,0,0,13,0,13,10,0,2,13,0,0,13,0,13,0,0,13,7,0,3,13,0,0,13,2,13,0,0,13,0,0,13,4,0,5,13,0,0,13,13,6,0,4,13,0,0,13,0,0,13,2,0,8,13,0,0,13
3,1,13,221,1,0,13,0,1,13,0,0,13,0,13,10,0,2,13,0,0,13,0,13,0,0,13,7,0,3,13,0,0,13,2,13,0,0,13,0,0,13,4,0,5,13,0,0,13,13,6,0,4,13,0,0,13,0,0,13,2,0,8,13,0,0,13
3,1,14,222,1,0,13,0,1,13,0,0,13,0,13,10,0,2,13,0,0,13,0,13,0,0,13,7,0,3,13,0,0,13,2,13,0,0,13,0,0,13,4,0,5,13,0,0,13,13,6,0,4,13,0,0,13,0,0,13,2,0,8,13,0,0,13
3,1,15,223,1,0,13,0,1,13,0,0,13,0,13,10,0,2,13,0,0,13,0,13,0,0,13,7,0,3,13,0,0,13,2,13,0,0,13,0,0,13,4,0,5,13,0,0,13,13,6,0,4,13,0,0,13,0,0,13,2,0,8,13,0,0,13
3,2,0,224,0,12,13,0,13,2,0,8,13,0,13,0,0,13,4,0,5,13,1,13,0,0,13,0,0,13,7,0,3,13,10,13,0,0,13,0,0,13,0,0,13,10,0,2,13,13,4,0,7,13,0,0,13,0,0,13,1,0,12,13,0,1,13
3,2,1,225,0,12,13,0,13,2,0,8,13,0,13,0,0,13,4,0,5,13,1,13,0,0,13,0,0,13,7,0,3,13,10,13,0,0,13,0,0,13,0,0,13,10,0,2,13,13,4,0,7,13,0,0,13,0,0,13,1,0,12,13,0,1,13
3,2,2,226,0,12,13,0,13,2,0,8,13,0,13,0,0,13,4,0,5,13,1,13,0,0,13,0,0,13,7,0,3,13,10,13,0,0,13,0,0,13,0,0,13,10,0,2,13,13,4,0,7,13,0,0,13,0,0,13,1,0,12,13,0,1,13
3,2,3,227,0,12,13,0,13,2,0,8,13,0,13,0,0,13,4,0,5,13,1,13,0,0,13,0,0,13,7,0,3,13,10,13,0,0,13,0,0,13,0,0,13,10,0,2,13,13,4,0,7,13,0,0,13,0,0,13,1,0,12,13,0,1,13
3,2,4,228,0,12,13,0,13,2,0,8,13,0,13,0,0,13,4,0,5,13,1,13,0,0,13,0,0,13,7,0,3,13,10,13,0,0,13,0,0,13,0,0,13,10,0,2,13,13,4,0,7,13,0,0,13,0,0,13,1,0,12,13,0,1,13
3,2,5,229,0,12,13,0,13,2,0,8,13,0,13,0,0,13,4,0,5,13,1,13,0,0,13,0,0,13,7,0,3,13,10,13,0,0,13,0,0,13,0,0,13,10,0,2,13,13,4,0,7,13,0,0,13,0,0,13,1,0,12,13,0,1,13
3,2,6,230,0,12,13,0,13,2,0,8,13,0,13,0,0,13,4,0,5,13,1,13,0,0,13,0,0,13,7,0,3,13,10,13,0,0,13,0,0,13,0,0,13,10,0,2,13,13,4,0,7,13,0,0,13,0,0,13,1,0,12,13,0,1,13
3,2,7,231,0,12,13,0,13,2,0,8,13,0,13,0,0,13,4,0,5,13,1,13,0,0,13,0,0,13,7,0,3,13,10,13,0,0,13,0,0,13,0,0,13,10,0,2,13,13,4,0,7,13,0,0,13,0,0,13,1,0,12,13,0,1,13
3,2,8,232,0,12,13,0,13,2,0,8,13,0,13,0,0,13,4,0,5,13,1,13,0,0,13,0,0,13,7,0,3,13,10,13,0,0,13,0,0,13,0,0,13,10,0,2,13,13,4,0,7,13,0,0,13,0,0,13,1,0,12,13,0,1,13
3,2,9,233,0,12,13,0,13,2,0,8,13,0,13,0,0,13,4,0,5,13,1,13,0,0,13,0,0,13,7,0,3,13,10,13,0,0,13,0,0,13,0,0,13,10,0,2,13,13,4,0,7,13,0,0,13,0,0,13,1,0,12,13,0,1,13
3,2,10,234,0,12,13,0,13,2,0,8,13,0,13,0,0,13,4,0,5,13,1,13,0,0,13,0,0,13,7,0,3,13,10,13,0,0,13,0,0,13,0,0,13,10,0,2,13,13,4,0,7,13,0,0,13,0,0,13,1,0,12,13,0,1,13
3,2,11,235,0,12,13,0,13,2,0,8,13,0,13,0,0,13,4,0,5,13,1,13,0,0,13,0,0,13,7,0,3,13,10,13,0,0,13,0,0,13,0,0,13,10,0,2,13,13,4,0,7,13,0,0,13,0,0,13,1,0,12,13,0,1,13
3,2,12,236,0,12,13,0,13,2,0,8,13,0,13,0,0,13,4,0,5,13,1,13,0,0,13,0,0,13,7,0,3,13,10,13,0,0,13,0,0,13,0,0,13,10,0,2,13,13,4,0,7,13,0,0,13,0,0,13,1,0,12,13,0,1,13
3,2,13,237,0,12,13,0,13,2,0,8,13,0,13,0,0,13,4,0,5,13,1,13,0,0,13,0,0,13,7,0,3,13,10,13,0,0,13,0,0,13,0,0,13,10,0,2,13,13,4,0,7,13,0,0,13,0,0,13,1,0,12,13,0,1,13
3,2,14,238,0,12,13,0,13,2,0,8,13,0,13,0,0,13,4,0,5,13,1,13,0,0,13,0,0,13,7,0,3,13,10,13,0,0,13,0,0,13,0,0,13,10,0,2,13,13,4,0,7,13,0,0,13,0,0,13,1,0,12,13,0,1,13
3,2,15,239,0,12,13,0,13,2,0,8,13,0,13,0,0,13,4,0,5,13,1,13,0,0,13,0,0,13,7,0,3,13,10,13,0,0,13,0,0,13,0,0,13,10,0,2,13,13,4,0,7,13,0,0,13,0,0,13,1,0,12,13,0,1,13
3,3,0,240,0,1,13,0,0,13,1,0,13,0,0,13,2,0,13,0,0,0,0,0,13,0,0,0,0,0,0,0,0,0,0,0,13,5,0,13,13,0,4,13,0,0,13,2,0,0,0,13,8,0,13,13,0,3,13,0,0,13,4,0,7,13,0
3,3,1,241,0,1,13,0,0,13,1,0,13,0,0,13,2,0,13,0,0,0,0,0,13,0,0,0,0,0,0,0,0,0,0,0,13,5,0,13,13,0,4,13,0,0,13,2,0,0,0,13,8,0,13,13,0,3,13,0,0,13,4,0,7,13,0
3,3,2,242,0,1,13,0,0,13,1,0,13,0,0,13,2,0,13,0,0,0,0,0,13,0,0,0,0,0,0,0,0,0,0,0,13,5,0,13,13,0,4,13,0,0,13,2,0,0,0,13,8,0,13,13,0,3,13,0,0,13,4,0,7,13,0
3,3,3,243,0,1,13,0,0,13,1,0,13,0,0,13,2,0,13,0,0,0,0,0,13,0,0,0,0,0,0,0,0,0,0,0,13,5,0,13,13,0,4,13,0,0,13,2,0,0,0,13,8,0,13,13,0,3,13,0,0,13,4,0,7,13,0
3,3,4,244,0,1,13,0,0,13,1,0,13,0,0,13,2,0,13,0,0,0,0,0,13,0,0,0,0,0,0,0,0,0,0,0,13,5,0,13,13,0,4,13,0,0,13,2,0,0,0,13,8,0,13,13,0,3,13,0,0,13,4,0,7,13,0
3,3,5,245,0,1,13,0,0,13,1,0,13,0,0,13,2,0,13,0,0,0,0,0,13,0,0,0,0,0,0,0,0,0,0,0,13,5,0,13,13,0,4,13,0,0,13,2,0,0,0,13,8,0,13,13,0,3,13,0,0,13,4,0,7,13,0
3,3,6,246,0,1,13,0,0,13,1,0,13,0,0,13,2,0,13,0,0,0,0,0,13,0,0,0,0,0,0,0,0,0,0,0,13,5,0,13,13,0,4,13,0,0,13,2,0,0,0,13,8,0,13,13,0,3,13,0,0,13,4,0,7,13,0
3,3,7,247,0,1,13,0,0,13,1,0,13,0,0,13,2,0,13,0,0,0,0,0,13,0,0,0,0,0,0,0,0,0,0,0,13,5,0,13,13,0,4,13,0,0,13,2,0,0,0,13,8,0,13,13,0,3,13,0,0,13,4,0,7,13,0
3,3,8,248,0,1,13,0,0,13,1,0,13,0,0,13,2,0,13,0,0,0,0,0,13,0,0,0,0,0,0,0,0,0,0,0,13,5,0,13,13,0,4,13,0,0,13,2,0,0,0,13,8,0,13,13,0,3,13,0,0,13,4,0,7,13,0
3,3,9,249,0,1,13,0,0,13,1,0,13,0,0,13,2,0,13,0,0,0,0,0,13,0,0,0,0,0,0,0,0,0,0,0,13,5,0,13,13,0,4,13,0,0,13,2,0,0,0,13,8,0,13,13,0,3,13,0,0,13,4,0,7,13,0
3,3,10,250,0,1,13,0,0,13,1,0,13,0,0,13,2,0,13,0,0,0,0,0,13,0,0,0,0,0,0,0,0,0,0,0,13,5,0,13,13,0,4,13,0,0,13,2,0,0,0,13,8,0,13,13,0,3,13,0,0,13,4,0,7,13,0
3,3,11,251,0,1,13,0,0,13,1,0,13,0,0,13,2,0,13,0,0,0,0,0,13,0,0,0,0,0,0,0,0,0,0,0,13,5,0,13,13,0,4,13,0,0,13,2,0,0,0,13,8,0,13,13,0,3,13,0,0,13,4,0,7,13,0
3,3,12,252,0,1,13,0,0,13,1,0,13,0,0,13,2,0,13,0,0,0,0,0,13,0,0,0,0,0,0,0,0,0,0,0,13,5,0,13,13,0,4,13,0,0,13,2,0,0,0,13,8,0,13,13,0,3,13,0,0,13,4,0,7,13,0
3,3,13,253,0,1,13,0,0,13,1,0,13,0,0,13,2,0,13,0,0,0,0,0,13,0,0,0,0,0,0,0,0,0,0,0,13,5,0,13,13,0,4,13,0,0,13,2,0,0,0,13,8,0,13,13,0,3,13,0,0,13,4,0,7,13,0
3,3,14,254,0,1,13,0,0,13,1,0,13,0,0,13,2,0,13,0,0,0,0,0,13,0,0,0,0,0,0,0,0,0,0,0,13,5,0,13,13,0,4,13,0,0,13,2,0,0,0,13,8,0,13,13,0,3,13,0,0,13,4,0,7,13,0
3,3,15,255,0,1,13,0,0,13,1,0,13,0,0,13,2,0,13,0,0,0,0,0,13,0,0,0,0,0,0,0,0,0,0,0,13,5,0,13,13,0,4,13,0,0,13,2,0,0,0,13,8,0,13,13,0,3,13,0,0,13,4,0,7,13,0
